檢定,假設,χ²統計量,自由度,p值,Cramér's V,效果解釋,結論
卡方檢定,H1: 文化圈影響守法選擇,74.33145884765091,2,7.229841815856645e-17,0.014039409732454867,可忽略,顯著
