文化圈,Cluster,守法選擇率,百分比
Western,0,0.3460459778359574,34.6%
Eastern,1,0.3710837703375017,37.1%
Southern,2,0.34916396743412415,34.9%
