交互作用項,係數,標準誤,z值,p值,Odds_Ratio,顯著
age_centered_x_religious_centered,-0.00029132935588970145,0.0012523259170041845,-0.23263062109791663,0.8160482473575524,0.9997087130763864,False
