log_likelihood,aic,bic,pseudo_r2_mcfadden,n_obs,df_model,df_resid
-205368.90817457717,410749.81634915434,-3608042.5670653717,0.00038927799830867915,317258,5,317252
