chi2,dof,p_value,good_fit
8.51667771434861,8,0.38469158464471365,True
