變數,VIF,共線性
Review_age,5.061058759382893,中等
Review_political,4.174531110127436,無
Review_religious,1.624662483756056,無
Cluster_Southern,1.2138953036346025,無
Cluster_Eastern,1.1179841047982897,無
