class,utilitarian_score,deontology_score,consistency_score,n_scenarios,n_users,percentage,class_name
0,0.0,1.0,1.0,1.0599453245940516,30361,43.9,強義務論者
1,1.0,0.0,1.0,1.0626878488621727,37264,53.9,強效益主義者
2,0.5,0.5,0.5,2.0055671537926236,1437,2.1,中間派
3,0.6688888888888889,0.3311111111111111,0.5298908172096799,3.088888888888889,45,0.1,中間派
4,0.33229166666666665,0.6677083333333333,0.5292373147443162,3.15,40,0.1,中間派
